"Test link",,,,1
"Test link",,,,1
"Test link",,,sss,1
"Test link",,ppp,,1
"Test link",mmm,,,1
"Test link",,,,1
"Test link",,,,1
"Test link",,,,1
"Test link",,,,1
"Test link",,,,1
"Test link",,,,1
"Test link",,,,1
"Test link",,,,1
"Test link",,,,1
"Test link",,,,1
"Test link",,,,1
"Test link",,,,1
"Test link",,,,1
"Test link",,,,1
"Test link",,,,1
"Test link",,,,1
"Test link",,,,1
"Test link",,,,1
"Test link",,,,1
"Test link",,,,1
"Test link",,,,1
"Test link",,,,1
"Test link",,,,1
"Test link",,,,1
"Test link",,,,1
"Test link",,,,1
"Test link",,,,1
"Test link",,,,1
"Test link",,,,1
"Test link",,,,1
"Test link",,,,1
"Test link",,,,1
"Test link",,,,1
"Test link",,,,1
"Test link",,,,1
"Test link",,,,1
"Test link",,,,1
"Test link",,,,1
"Test link",,,,1
"Test link",,,,1
"Test link",,,,1
"Test link",,,,1
"Test link",,,,1
"Test link",,,,1
"Test link",,,,1
"Test link",,,,1
"Test link",,,,1
"Test link",,,,1
"Test link",,,,1
"Test link",,,,1
"Test link",,,,1
"Test link",,,,1
"Test link",,,,1
"Test link",,,,1
"Test link",,,,1
"Test link",,,,1
"Test link",,,,1
"Test link",,,,1
"Test link",,,,1
"Test link",,,,1
"Test link",,,,1
"Test link",,,,1
"Test link",,,,1
"Test link",,,,1
"Test link",,,,1
"Test link",,,,1
"Test link",,,,1
"Test link",,,,1
"Test link",,,,1
"Test link",,,,1
"Test link",,,,1
"Test link",,,,1
"Test link",,,,1
"Test link",,,,1
"Test link",,,,1
"Test link",,,,1
"Test link",,,,1
"Test link",,,,1
"Test link",,,,1
"Test link",,,,1
"Test link",,,,1
"Test link",,,,1
"Test link",,,,1
"Test link",,,,1
"Test link",,,,1
"Test link",,,,1
"Test link",,,,1
"Test link",,,,1
"Test link",,,,1
"Test link",,,,1
"Test link",,,,1
"Test link",,,,1
"Test link",,,,1
"Test link",,,,1
"Test link",,,,1
"Test link",,,,1
"Test link",,,,1
"Test link",,,,1
"Test link",,,,1
"Test link",,,,1
"Test link",,,,1
"Test link",,,,1
"Test link",,,,1
"Test link",,,,1
"Test link",,,,1
"Test link",,,,1
"Test link",,,,1
"Test link",,,,1
"Test link",,,,1
"Test link",,,,1
"Test link",,,,1
"Test link",,,,1
"Test link",,,,1
"Test link",,,,1
"Test link",,,,1
"Test link",,,,1
"Test link",,,,1
"Test link",,,,1
"Test link",,,,1
"Test link",,,,1
"Test link",,,,1
"Test link",,,,1
"Test link",,,,1
"Test link",,,,1
"Test link",,,,1
"Test link",,,,1
"Test link",,,,1
"Test link",,,,1
"Test link",,,,1
"Test link",,,,1
"Test link",,,,1
"Test link",,,,1
"Test link",,,,1
"Test link",,,,1
"Test link",,,,1
"Test link",,,,1
"Test link",,,,1
"Test link",,,,1
"Test link",,,,1
"Test link",,,,1
"Test link",,,,1
"Test link",,,,1
"Test link",,,,1
"Test link",,,,1
"Test link",,,,1
"Test link",,,,1
"Test link",,,,1
"Test link",,,,1
"Test link",,,,1
"Test link",,,,1
"Test link",,,,1
"Test link",,,,1
"Test link",,,,1
"Test link",,,,1
"Test link",,,,1
"Test link",,,,1
"Test link",,,,1
"Test link",,,,1
"Test link",,,,1
"Test link",,,,1
"Test link",,,,1
"Test link",,,,1
"Test link",,,,1
"Test link",,,,1
"Test link",,,,1
"Test link",,,,1
"Test link",,,,1
"Test link",,,,1
"Test link",,,,1
"Test link",,,,1
"Test link",,,,1
"Test link",,,,1
"Test link",,,,1
"Test link",,,,1
"Test link",,,,1
"Test link",,,,1
"Test link",,,,1
"Test link",,,,1
"Test link",,,,1
"Test link",,,,1
"Test link",,,,1
"Test link",,,,1
"Test link",,,,1
"Test link",,,,1
"Test link",,,,1
"Test link",,,,1
"Test link",,,,1
"Test link",,,,1
"Test link",,,,1
"Test link",,,,1
"Test link",,,,1
"Test link",,,,1
"Test link",,,,1
"Test link",,,,1
"Test link",,,,1
"Test link",,,,1
"Test link",,,,1
"Test link",,,,1
"Test link",,,,1
"Test link",,,,1
"Test link",,,,1
"Test link",,,,1
"Test link",,,,1
"Test link",,,,1
"Test link",,,,1
"Test link",,,,1
"Test link",,,,1
"Test link",,,,1
"Test link",,,,1
"Test link",,,,1
"Test link",,,,1
"Test link",,,,1
"Test link",,,,1
"Test link",,,,1
"Test link",,,,1
"Test link",,,,1
"Test link",,,,1
"Test link",,,,1
"Test link",,,,1
"Test link",,,,1
"Test link",,,,1
"Test link",,,,1
"Test link",,,,1
"Test link",,,,1
"Test link",,,,1
"Test link",,,,1
"Test link",,,,1
"Test link",,,,1
"Test link",,,,1
"Test link",,,,1
"Test link",,,,1
"Test link",,,,1
"Test link",,,,1
"Test link",,,,1
"Test link",,,,1
"Test link",,,,1
"Test link",,,,1
"Test link",,,,1
"Test link",,,,1
"Test link",,,,1
"Test link",,,,1
"Test link",,,,1
"Test link",,,,1
"Test link",,,,1
"Test link",,,,1
"Test link",,,,1
"Test link",,,,1
"Test link",,,,1
"Test link",,,,1
"Test link",,,,1
"Test link",,,,1
"Test link",,,,1
"Test link",,,,1
"Test link",,,,1
"Test link",,,,1
"Test link",,,,1
"Test link",,,,1
"Test link",,,,1
"Test link",,,,1
"Test link",,,,1
"Test link",,,,1
"Test link",,,,1
"Test link",,,,1
"Test link",,,,1
"Test link",,,,1
"Test link",,,,1
"Test link",,,,1
"Test link",,,,1
"Test link",,,,1
"Test link",,,,1
"Test link",,,,1
"Test link",,,,1
"Test link",,,,1
"Test link",,,,1
"Test link",,,,1
"Test link",,,,1
"Test link",,,,1
"Test link",,,,1
"Test link",,,,1
"Test link",,,,1
"Test link",,,,1
"Test link",,,,1
"Test link",,,,1
"Test link",,,,1
"Test link",,,,1
"Test link",,,,1
"Test link",,,,1
"Test link",,,,1
"Test link",,,,1
"Test link",,,,1
"Test link",,,,1
"Test link",,,,1
"Test link",,,,1
"Test link",,,,1
"Test link",,,,1
"Test link",,,,1
"Test link",,,,1
"Test link",,,,1
"Test link",,,,1
"Test link",,,,1
"Test link",,,,1
"Test link",,,,1
"Test link",,,,1
"Test link",,,,1
"Test link",,,,1
"Test link",,,,1
"Test link",,,,1
"Test link",,,,1
"Test link",,,,1
"Test link",,,,1
"Test link",,,,1
"Test link",,,,1
"Test link",,,,1
"Test link",,,,1
"Test link",,,,1
"Test link",,,,1
"Test link",,,,1
"Test link",,,,1
"Test link",,,,1
"Test link",,,,1
"Test link",,,,1
"Test link",,,,1
"Test link",,,,1
"Test link",,,,1
"Test link",,,,1
"Test link",,,,1
"Test link",,,,1
"Test link",,,,1
"Test link",,,,1
"Test link",,,,1
"Test link",,,,1
"Test link",,,,1
"Test link",,,,1
"Test link",,,,1
"Test link",,,,1
"Test link",,,,1
"Test link",,,,1
"Test link",,,,1
"Test link",,,,1
"Test link",,,,1
"Test link",,,,1
"Test link",,,,1
"Test link",,,,1
"Test link",,,,1
"Test link",,,,1
"Test link",,,,1
"Test link",,,,1
"Test link",,,,1
"Test link",,,,1
"Test link",,,,1
"Test link",,,,1
"Test link",,,,1
"Test link",,,,1
"Test link",,,,1
"Test link",,,,1
"Test link",,,,1
"Test link",,,,1
"Test link",,,,1
"Test link",,,,1
"Test link",,,,1
"Test link",,,,1
"Test link",,,,1
"Test link",,,,1
"Test link",,,,1
"Test link",,,,1
"Test link",,,,1
"Test link",,,,1
"Test link",,,,1
"Test link",,,,1
"Test link",,,,1
"Test link",,,,1
"Test link",,,,1
"Test link",,,,1
"Test link",,,,1
"Test link",,,,1
"Test link",,,,1
"Test link",,,,1
"Test link",,,,1
"Test link",,,,1
"Test link",,,,1
"Test link",,,,1
"Test link",,,,1
"Test link",,,,1
"Test link",,,,1
"Test link",,,,1
"Test link",,,,1
"Test link",,,,1
"Test link",,,,1
"Test link",,,,1
"Test link",,,,1
"Test link",,,,1
"Test link",,,,1
"Test link",,,,1
"Test link",,,,1
"Test link",,,,1
"Test link",,,,1
"Test link",,,,1
"Test link",,,,1
"Test link",,,,1
"Test link",,,,1
"Test link",,,,1
"Test link",,,,1
"Test link",,,,1
"Test link",,,,1
"Test link",,,,1
"Test link",,,,1
"Test link",,,,1
"Test link",,,,1
"Test link",,,,1
"Test link",,,,1
"Test link",,,,1
"Test link",,,,1
"Test link",,,,1
"Test link",,,,1
"Test link",,,,1
"Test link",,,,1
"Test link",,,,1
"Test link",,,,1
"Test link",,,,1
"Test link",,,,1
"Test link",,,,1
"Test link",,,,1
"Test link",,,,1
"Test link",,,,1
"Test link",,,,1
"Test link",,,,1
"Test link",,,,1
"Test link",,,,1
"Test link",,,,1
"Test link",,,,1
"Test link",,,,1
"Test link",,,,1
"Test link",,,,1
"Test link",,,,1
"Test link",,,,1
"Test link",,,,1
"Test link",,,,1
"Test link",,,,1
"Test link",,,,1
"Test link",,,,1
"Test link",,,,1
"Test link",,,,1
"Test link",,,,1
"Test link",,,,1
"Test link",,,,1
"Test link",,,,1
"Test link",,,,1
"Test link",,,,1
"Test link",,,,1
"Test link",,,,1
"Test link",,,,1
"Test link",,,,1
"Test link",,,,1
"Test link",,,,1
"Test link",,,,1
"Test link",,,,1
"Test link",,,,1
"Test link",,,,1
"Test link",,,,1
"Test link",,,,1
"Test link",,,,1
"Test link",,,,1
"Test link",,,,1
"Test link",,,,1
"Test link",,,,1
"Test link",,,,1
"Test link",,,,1
"Test link",,,,1
"Test link",,,,1
"Test link",,,,1
"Test link",,,,1
"Test link",,,,1
"Test link",,,,1
"Test link",,,,1
"Test link",,,,1
"Test link",,,,1
"Test link",,,,1
"Test link",,,,1
"Test link",,,,1
"Test link",,,,1
"Test link",,,,1
"Test link",,,,1
"Test link",,,,1
"Test link",,,,1
"Test link",,,,1
"Test link",,,,1
"Test link",,,,1
"Test link",,,,1
"Test link",,,,1
"Test link",,,,1
"Test link",,,,1
"Test link",,,,1
"Test link",,,,1
"Test link",,,,1
"Test link",,,,1
"Test link",,,,1
"Test link",,,,1
"Test link",,,,1
"Test link",,,,1
"Test link",,,,1
"Test link",,,,1
"Test link",,,,1
"Test link",,,,1
"Test link",,,,1
"Test link",,,,1
"Test link",,,,1
"Test link",,,,1
"Test link",,,,1
"Test link",,,,1
"Test link",,,,1
"Test link",,,,1
"Test link",,,,1
"Test link",,,,1
"Test link",,,,1
"Test link",,,,1
"Test link",,,,1
"Test link",,,,1
"Test link",,,,1
"Test link",,,,1
"Test link",,,,1
"Test link",,,,1
"Test link",,,,1
"Test link",,,,1
"Test link",,,,1
"Test link",,,,1
"Test link",,,,1
"Test link",,,,1
"Test link",,,,1
"Test link",,,,1
"Test link",,,,1
"Test link",,,,1
"Test link",,,,1
"Test link",,,,1
"Test link",,,,1
"Test link",,,,1
"Test link",,,,1
"Test link",,,,1
"Test link",,,,1
"Test link",,,,1
"Test link",,,,1
"Test link",,,,1
"Test link",,,,1
"Test link",,,,1
"Test link",,,,1
"Test link",,,,1
"Test link",,,,1
"Test link",,,,1
"Test link",,,,1
"Test link",,,,1
"Test link",,,,1
"Test link",,,,1
"Test link",,,,1
"Test link",,,,1
"Test link",,,,1
"Test link",,,,1
"Test link",,,,1
"Test link",,,,1
"Test link",,,,1
"Test link",,,,1
"Test link",,,,1
"Test link",,,,1
"Test link",,,,1
"Test link",,,,1
"Test link",,,,1
"Test link",,,,1
"Test link",,,,1
"Test link",,,,1
"Test link",,,,1
"Test link",,,,1
"Test link",,,,1
"Test link",,,,1
"Test link",,,,1
"Test link",,,,1
"Test link",,,,1
"Test link",,,,1
"Test link",,,,1
"Test link",,,,1
"Test link",,,,1
"Test link",,,,1
"Test link",,,,1
"Test link",,,,1
"Test link",,,,1
"Test link",,,,1
"Test link",,,,1
"Test link",,,,1
"Test link",,,,1
"Test link",,,,1
"Test link",,,,1
"Test link",,,,1
"Test link",,,,1
"Test link",,,,1
"Test link",,,,1
"Test link",,,,1
"Test link",,,,1
"Test link",,,,1
"Test link",,,,1
"Test link",,,,1
"Test link",,,,1
"Test link",,,,1
"Test link",,,,1
"Test link",,,,1
"Test link",,,,1
"Test link",,,,1
"Test link",,,,1
"Test link",,,,1
"Test link",,,,1
"Test link",,,,1
"Test link",,,,1
"Test link",,,,1
"Test link",,,,1
"Test link",,,,1
"Test link",,,,1
"Test link",,,,1
"Test link",,,,1
"Test link",,,,1
"Test link",,,,1
"Test link",,,,1
"Test link",,,,1
"Test link",,,,1
"Test link",,,,1
"Test link",,,,1
"Test link",,,,1
"Test link",,,,1
"Test link",,,,1
"Test link",,,,1
"Test link",,,,1
"Test link",,,,1
"Test link",,,,1
"Test link",,,,1
"Test link",,,,1
"Test link",,,,1
"Test link",,,,1
"Test link",,,,1
"Test link",,,,1
"Test link",,,,1
"Test link",,,,1
"Test link",,,,1
"Test link",,,,1
"Test link",,,,1
"Test link",,,,1
"Test link",,,,1
"Test link",,,,1
"Test link",,,,1
"Test link",,,,1
"Test link",,,,1
"Test link",,,,1
"Test link",,,,1
"Test link",,,,1
"Test link",,,,1
"Test link",,,,1
"Test link",,,,1
"Test link",,,,1
"Test link",,,,1
"Test link",,,,1
"Test link",,,,1
"Test link",,,,1
"Test link",,,,1
"Test link",,,,1
"Test link",,,,1
"Test link",,,,1
"Test link",,,,1
"Test link",,,,1
"Test link",,,,1
"Test link",,,,1
"Test link",,,,1
"Test link",,,,1
"Test link",,,,1
"Test link",,,,1
"Test link",,,,1
"Test link",,,,1
"Test link",,,,1
"Test link",,,,1
"Test link",,,,1
"Test link",,,,1
"Test link",,,,1
"Test link",,,,1
"Test link",,,,1
"Test link",,,,1
"Test link",,,,1
"Test link",,,,1
"Test link",,,,1
"Test link",,,,1
"Test link",,,,1
"Test link",,,,1
"Test link",,,,1
"Test link",,,,1
"Test link",,,,1
"Test link",,,,1
"Test link",,,,1
"Test link",,,,1
"Test link",,,,1
"Test link",,,,1
"Test link",,,,1
"Test link",,,,1
"Test link",,,,1
"Test link",,,,1
"Test link",,,,1
"Test link",,,,1
"Test link",,,,1
"Test link",,,,1
"Test link",,,,1
"Test link",,,,1
"Test link",,,,1
"Test link",,,,1
"Test link",,,,1
"Test link",,,,1
"Test link",,,,1
"Test link",,,,1
"Test link",,,,1
"Test link",,,,1
"Test link",,,,1
"Test link",,,,1
"Test link",,,,1
"Test link",,,,1
"Test link",,,,1
"Test link",,,,1
"Test link",,,,1
"Test link",,,,1
"Test link",,,,1
"Test link",,,,1
"Test link",,,,1
"Test link",,,,1
"Test link",,,,1
"Test link",,,,1
"Test link",,,,1
"Test link",,,,1
"Test link",,,,1
"Test link",,,,1
"Test link",,,,1
"Test link",,,,1
"Test link",,,,1
"Test link",,,,1
"Test link",,,,1
"Test link",,,,1
"Test link",,,,1
"Test link",,,,1
"Test link",,,,1
"Test link",,,,1
"Test link",,,,1
"Test link",,,,1
"Test link",,,,1
"Test link",,,,1
"Test link",,,,1
"Test link",,,,1
"Test link",,,,1
"Test link",,,,1
"Test link",,,,1
"Test link",,,,1
"Test link",,,,1
"Test link",,,,1
"Test link",,,,1
"Test link",,,,1
"Test link",,,,1
"Test link",,,,1
"Test link",,,,1
"Test link",,,,1
"Test link",,,,1
"Test link",,,,1
"Test link",,,,1
"Test link",,,,1
"Test link",,,,1
"Test link",,,,1
"Test link",,,,1
"Test link",,,,1
"Test link",,,,1
"Test link",,,,1
"Test link",,,,1
"Test link",,,,1
"Test link",,,,1
"Test link",,,,1
"Test link",,,,1
"Test link",,,,1
"Test link",,,,1
"Test link",,,,1
"Test link",,,,1
"Test link",,,,1
"Test link",,,,1
"Test link",,,,1
"Test link",,,,1
"Test link",,,,1
"Test link",,,,1
"Test link",,,,1
"Test link",,,,1
"Test link",,,,1
"Test link",,,,1
"Test link",,,,1
"Test link",,,,1
"Test link",,,,1
"Test link",,,,1
"Test link",,,,1
"Test link",,,,1
"Test link",,,,1
"Test link",,,,1
"Test link",,,,1
"Test link",,,,1
"Test link",,,,1
"Test link",,,,1
"Test link",,,,1
"Test link",,,,1
"Test link",,,,1
"Test link",,,,1
"Test link",,,,1
"Test link",,,,1
"Test link",,,,1
"Test link",,,,1
"Test link",,,,1
"Test link",,,,1
"Test link",,,,1
"Test link",,,,1
"Test link",,,,1
"Test link",,,,1
"Test link",,,,1
"Test link",,,,1
"Test link",,,,1
"Test link",,,,1
"Test link",,,,1
"Test link",,,,1
"Test link",,,,1
"Test link",,,,1
"Test link",,,,1
"Test link",,,,1
"Test link",,,,1
"Test link",,,,1
"Test link",,,,1
"Test link",,,,1
"Test link",,,,1
"Test link",,,,1
"Test link",,,,1
"Test link",,,,1
"Test link",,,,1
"Test link",,,,1
"Test link",,,,1
"Test link",,,,1
"Test link",,,,1
"Test link",,,,1
"Test link",,,,1
"Test link",,,,1
"Test link",,,,1
"Test link",,,,1
"Test link",,,,1
"Test link",,,,1
"Test link",,,,1
"Test link",,,,1
"Test link",,,,1
"Test link",,,,1
"Test link",,,,1
"Test link",,,,1
"Test link",,,,1
"Test link",,,,1
"Test link",,,,1
"Test link",,,,1
"Test link",,,,1
"Test link",,,,1
"Test link",,,,1
"Test link",,,,1
"Test link",,,,1
"Test link",,,,1
"Test link",,,,1
"Test link",,,,1
"Test link",,,,1
"Test link",,,,1
"Test link",,,,1
"Test link",,,,1
"Test link",,,,1
"Test link",,,,1
"Test link",,,,1
"Test link",,,,1
"Test link",,,,1
"Test link",,,,1
"Test link",,,,1
"Test link",,,,1
"Test link",,,,1
"Test link",,,,1
"Test link",,,,1
"Test link",,,,1
"Test link",,,,1
"Test link",,,,1
"Test link",,,,1
"Test link",,,,1
"Test link",,,,1
"Test link",,,,1
"Test link",,,,1
"Test link",,,,1
"Test link",,,,1
"Test link",,,,1
"Test link",,,,1
"Test link",,,,1
"Test link",,,,1
"Test link",,,,1
"Test link",,,,1
"Test link",,,,1
"Test link",,,,1
"Test link",,,,1
"Test link",,,,1
"Test link",,,,1
"Test link",,,,1
"Test link",,,,1
"Test link",,,,1
"Test link",,,,1
"Test link",,,,1
"Test link",,,,1
"Test link",,,,1
"Test link",,,,1
"Test link",,,,1
"Test link",,,,1
"Test link",,,,1
"Test link",,,,1
"Test link",,,,1
"Test link",,,,1
"Test link",,,,1
"Test link",,,,1
"Test link",,,,1
"Test link",,,,1
"Test link",,,,1
"Test link",,,,1
"Test link",,,,1
"Test link",,,,1
"Test link",,,,1
"Test link",,,,1
"Test link",,,,1
"Test link",,,,1
"Test link",,,,1
"Test link",,,,1
"Test link",,,,1
"Test link",,,,1
"Test link",,,,1
"Test link",,,,1
"Test link",,,,1
"Test link",,,,1
"Test link",,,,1
"Test link",,,,1
"Test link",,,,1
"Test link",,,,1
"Test link",,,,1
"Test link",,,,1
"Test link",,,,1
"Test link",,,,1
"Test link",,,,1
"Test link",,,,1
"Test link",,,,1
"Test link",,,,1
"Test link",,,,1
"Test link",,,,1
"Test link",,,,1
"Test link",,,,1
"Test link",,,,1
"Test link",,,,1
"Test link",,,,1
"Test link",,,,1
"Test link",,,,1
"Test link",,,,1
"Test link",,,,1
"Test link",,,,1
"Test link",,,,1
"Test link",,,,1
"Test link",,,,1
"Test link",,,,1
"Test link",,,,1
"Test link",,,,1
"Test link",,,,1
"Test link",,,,1
"Test link",,,,1
"Test link",,,,1
"Test link",,,,1
"Test link",,,,1
"Test link",,,,1
"Test link",,,,1
"Test link",,,,1
"Test link",,,,1
"Test link",,,,1
"Test link",,,,1
"Test link",,,,1
"Test link",,,,1
"Test link",,,,1
"Test link",,,,1
"Test link",,,,1
"Test link",,,,1
"Test link",,,,1
"Test link",,,,1
"Test link",,,,1
"Test link",,,,1
"Test link",,,,1
"Test link",,,,1
"Test link",,,,1
"Test link",,,,1
"Test link",,,,1
"Test link",,,,1
"Test link",,,,1
"Test link",,,,1
"Test link",,,,1
"Test link",,,,1
"Test link",,,,1
"Test link",,,,1
"Test link",,,,1
"Test link",,,,1
"Test link",,,,1
"Test link",,,,1
"Test link",,,,1
"Test link",,,,1
"Test link",,,,1
"Test link",,,,1
"Test link",,,,1
"Test link",,,,1
"Test link",,,,1
"Test link",,,,1
"Test link",,,,1
"Test link",,,,1
"Test link",,,,1
"Test link",,,,1
"Test link",,,,1
"Test link",,,,1
"Test link",,,,1
"Test link",,,,1
"Test link",,,,1
"Test link",,,,1
"Test link",,,,1
"Test link",,,,1
"Test link",,,,1
"Test link",,,,1
"Test link",,,,1
"Test link",,,,1
"Test link",,,,1
"Test link",,,,1
"Test link",,,,1
"Test link",,,,1
"Test link",,,,1
"Test link",,,,1
"Test link",,,,1
"Test link",,,,1
"Test link",,,,1
"Test link",,,,1
"Test link",,,,1
"Test link",,,,1
"Test link",,,,1
"Test link",,,,1
"Test link",,,,1
"Test link",,,,1
"Test link",,,,1
"Test link",,,,1
"Test link",,,,1
"Test link",,,,1
"Test link",,,,1
"Test link",,,,1
"Test link",,,,1
"Test link",,,,1
"Test link",,,,1
"Test link",,,,1
"Test link",,,,1
"Test link",,,,1
"Test link",,,,1
"Test link",,,,1
"Test link",,,,1
"Test link",,,,1
"Test link",,,,1
"Test link",,,,1
"Test link",,,,1
"Test link",,,,1
"Test link",,,,1
"Test link",,,,1
"Test link",,,,1
"Test link",,,,1
"Test link",,,,1
"Test link",,,,1
"Test link",,,,1
"Test link",,,,1
"Test link",,,,1
"Test link",,,,1
"Test link",,,,1
"Test link",,,,1
"Test link",,,,1
"Test link",,,,1
"Test link",,,,1
"Test link",,,,1
"Test link",,,,1
"Test link",,,,1
"Test link",,,,1
"Test link",,,,1
"Test link",,,,1
"Test link",,,,1
"Test link",,,,1
"Test link",,,,1
"Test link",,,,1
"Test link",,,,1
"Test link",,,,1
"Test link",,,,1
"Test link",,,,1
"Test link",,,,1
"Test link",,,,1
"Test link",,,,1
"Test link",,,,1
"Test link",,,,1
"Test link",,,,1
"Test link",,,,1
"Test link",,,,1
"Test link",,,,1
"Test link",,,,1
"Test link",,,,1
"Test link",,,,1
"Test link",,,,1
"Test link",,,,1
"Test link",,,,1
"Test link",,,,1
"Test link",,,,1
"Test link",,,,1
"Test link",,,,1
"Test link",,,,1
"Test link",,,,1
"Test link",,,,1
"Test link",,,,1
"Test link",,,,1
"Test link",,,,1
"Test link",,,,1
"Test link",,,,1
"Test link",,,,1
"Test link",,,,1
"Test link",,,,1
"Test link",,,,1
"Test link",,,,1
"Test link",,,,1
"Test link",,,,1
"Test link",,,,1
"Test link",,,,1
"Test link",,,,1
"Test link",,,,1
"Test link",,,,1
"Test link",,,,1
"Test link",,,,1
"Test link",,,,1
"Test link",,,,1
"Test link",,,,1
"Test link",,,,1
"Test link",,,,1
"Test link",,,,1
"Test link",,,,1
"Test link",,,,1
"Test link",,,,1
"Test link",,,,1
"Test link",,,,1
"Test link",,,,1
"Test link",,,,1
"Test link",,,,1
"Test link",,,,1
"Test link",,,,1
"Test link",,,,1
"Test link",,,,1
"Test link",,,,1
"Test link",,,,1
"Test link",,,,1
"Test link",,,,1
"Test link",,,,1
"Test link",,,,1
"Test link",,,,1
"Test link",,,,1
"Test link",,,,1
"Test link",,,,1
"Test link",,,,1
"Test link",,,,1
"Test link",,,,1
"Test link",,,,1
"Test link",,,,1
"Test link",,,,1
"Test link",,,,1
"Test link",,,,1
"Test link",,,,1
"Test link",,,,1
"Test link",,,,1
"Test link",,,,1
"Test link",,,,1
"Test link",,,,1
"Test link",,,,1
"Test link",,,,1
"Test link",,,,1
"Test link",,,,1
"Test link",,,,1
"Test link",,,,1
"Test link",,,,1
"Test link",,,,1
"Test link",,,,1
"Test link",,,,1
"Test link",,,,1
"Test link",,,,1
"Test link",,,,1
"Test link",,,,1
"Test link",,,,1
"Test link",,,,1
"Test link",,,,1
"Test link",,,,1
"Test link",,,,1
"Test link",,,,1
"Test link",,,,1
"Test link",,,,1
"Test link",,,,1
"Test link",,,,1
"Test link",,,,1
"Test link",,,,1
"Test link",,,,1
"Test link",,,,1
"Test link",,,,1
"Test link",,,,1
"Test link",,,,1
"Test link",,,,1
"Test link",,,,1
"Test link",,,,1
"Test link",,,,1
"Test link",,,,1
"Test link",,,,1
"Test link",,,,1
"Test link",,,,1
"Test link",,,,1
"Test link",,,,1
"Test link",,,,1
"Test link",,,,1
"Test link",,,,1
"Test link",,,,1
"Test link",,,,1
"Test link",,,,1
"Test link",,,,1
"Test link",,,,1
"Test link",,,,1
"Test link",,,,1
"Test link",,,,1
"Test link",,,,1
"Test link",,,,1
"Test link",,,,1
"Test link",,,,1
"Test link",,,,1
"Test link",,,,1
"Test link",,,,1
"Test link",,,,1
"Test link",,,,1
"Test link",,,,1
"Test link",,,,1
"Test link",,,,1
"Test link",,,,1
"Test link",,,,1
"Test link",,,,1
"Test link",,,,1
"Test link",,,,1
"Test link",,,,1
"Test link",,,,1
"Test link",,,,1
"Test link",,,,1
"Test link",,,,1
"Test link",,,,1
"Test link",,,,1
"Test link",,,,1
"Test link",,,,1
"Test link",,,,1
"Test link",,,,1
"Test link",,,,1
"Test link",,,,1
"Test link",,,,1
"Test link",,,,1
"Test link",,,,1
"Test link",,,,1
"Test link",,,,1
"Test link",,,,1
"Test link",,,,1
"Test link",,,,1
"Test link",,,,1
"Test link",,,,1
"Test link",,,,1
"Test link",,,,1
"Test link",,,,1
"Test link",,,,1
"Test link",,,,1
"Test link",,,,1
"Test link",,,,1
"Test link",,,,1
"Test link",,,,1
"Test link",,,,1
"Test link",,,,1
"Test link",,,,1
"Test link",,,,1
"Test link",,,,1
"Test link",,,,1
"Test link",,,,1
"Test link",,,,1
"Test link",,,,1
"Test link",,,,1
"Test link",,,,1
"Test link",,,,1
"Test link",,,,1
"Test link",,,,1
"Test link",,,,1
"Test link",,,,1
"Test link",,,,1
"Test link",,,,1
"Test link",,,,1
"Test link",,,,1
"Test link",,,,1
"Test link",,,,1
"Test link",,,,1
"Test link",,,,1
"Test link",,,,1
"Test link",,,,1
"Test link",,,,1
"Test link",,,,1
"Test link",,,,1
"Test link",,,,1
"Test link",,,,1
"Test link",,,,1
"Test link",,,,1
"Test link",,,,1
"Test link",,,,1
"Test link",,,,1
"Test link",,,,1
"Test link",,,,1
"Test link",,,,1
"Test link",,,,1
"Test link",,,,1
"Test link",,,,1
"Test link",,,,1
"Test link",,,,1
"Test link",,,,1
"Test link",,,,1
"Test link",,,,1
"Test link",,,,1
"Test link",,,,1
"Test link",,,,1
"Test link",,,,1
"Test link",,,,1
"Test link",,,,1
"Test link",,,,1
"Test link",,,,1
"Test link",,,,1
"Test link",,,,1
"Test link",,,,1
"Test link",,,,1
"Test link",,,,1
"Test link",,,,1
"Test link",,,,1
"Test link",,,,1
"Test link",,,,1
"Test link",,,,1
"Test link",,,,1
"Test link",,,,1
"Test link",,,,1
"Test link",,,,1
"Test link",,,,1
"Test link",,,,1
"Test link",,,,1
"Test link",,,,1
"Test link",,,,1
"Test link",,,,1
"Test link",,,,1
"Test link",,,,1
"Test link",,,,1
"Test link",,,,1
"Test link",,,,1
"Test link",,,,1
"Test link",,,,1
"Test link",,,,1
"Test link",,,,1
"Test link",,,,1
"Test link",,,,1
"Test link",,,,1
"Test link",,,,1
"Test link",,,,1
"Test link",,,,1
"Test link",,,,1
"Test link",,,,1
"Test link",,,,1
"Test link",,,,1
"Test link",,,,1
"Test link",,,,1
"Test link",,,,1
"Test link",,,,1
"Test link",,,,1
"Test link",,,,1
"Test link",,,,1
"Test link",,,,1
"Test link",,,,1
"Test link",,,,1
"Test link",,,,1
"Test link",,,,1
"Test link",,,,1
"Test link",,,,1
"Test link",,,,1
"Test link",,,,1
"Test link",,,,1
"Test link",,,,1
"Test link",,,,1
"Test link",,,,1
"Test link",,,,1
"Test link",,,,1
"Test link",,,,1
"Test link",,,,1
"Test link",,,,1
"Test link",,,,1
"Test link",,,,1
"Test link",,,,1
"Test link",,,,1
"Test link",,,,1
"Test link",,,,1
"Test link",,,,1
"Test link",,,,1
"Test link",,,,1
"Test link",,,,1
"Test link",,,,1
"Test link",,,,1
"Test link",,,,1
"Test link",,,,1
"Test link",,,,1
"Test link",,,,1
"Test link",,,,1
"Test link",,,,1
"Test link",,,,1
"Test link",,,,1
"Test link",,,,1
"Test link",,,,1
"Test link",,,,1
"Test link",,,,1
"Test link",,,,1
"Test link",,,,1
"Test link",,,,1
"Test link",,,,1
"Test link",,,,1
"Test link",,,,1
"Test link",,,,1
"Test link",,,,1
"Test link",,,,1
"Test link",,,,1
"Test link",,,,1
"Test link",,,,1
"Test link",,,,1
"Test link",,,,1
"Test link",,,,1
"Test link",,,,1
"Test link",,,,1
"Test link",,,,1
"Test link",,,,1
"Test link",,,,1
"Test link",,,,1
"Test link",,,,1
"Test link",,,,1
"Test link",,,,1
"Test link",,,,1
"Test link",,,,1
"Test link",,,,1
"Test link",,,,1
"Test link",,,,1
"Test link",,,,1
"Test link",,,,1
"Test link",,,,1
"Test link",,,,1
"Test link",,,,1
"Test link",,,,1
"Test link",,,,1
"Test link",,,,1
"Test link",,,,1
"Test link",,,,1
"Test link",,,,1
"Test link",,,,1
"Test link",,,,1
"Test link",,,,1
"Test link",,,,1
"Test link",,,,1
"Test link",,,,1
"Test link",,,,1
"Test link",,,,1
"Test link",,,,1
"Test link",,,,1
"Test link",,,,1
"Test link",,,,1
"Test link",,,,1
"Test link",,,,1
"Test link",,,,1
"Test link",,,,1
"Test link",,,,1
"Test link",,,,1
"Test link",,,,1
"Test link",,,,1
"Test link",,,,1
"Test link",,,,1
"Test link",,,,1
"Test link",,,,1
"Test link",,,,1
"Test link",,,,1
"Test link",,,,1
"Test link",,,,1
"Test link",,,,1
"Test link",,,,1
"Test link",,,,1
"Test link",,,,1
"Test link",,,,1
"Test link",,,,1
"Test link",,,,1
"Test link",,,,1
"Test link",,,,1
"Test link",,,,1
"Test link",,,,1
"Test link",,,,1
"Test link",,,,1
"Test link",,,,1
"Test link",,,,1
"Test link",,,,1
"Test link",,,,1
"Test link",,,,1
"Test link",,,,1
"Test link",,,,1
"Test link",,,,1
"Test link",,,,1
"Test link",,,,1
"Test link",,,,1
"Test link",,,,1
"Test link",,,,1
"Test link",,,,1
"Test link",,,,1
"Test link",,,,1
"Test link",,,,1
"Test link",,,,1
"Test link",,,,1
"Test link",,,,1
"Test link",,,,1
"Test link",,,,1
"Test link",,,,1
"Test link",,,,1
"Test link",,,,1
"Test link",,,,1
"Test link",,,,1
"Test link",,,,1
"Test link",,,,1
"Test link",,,,1
"Test link",,,,1
"Test link",,,,1
"Test link",,,,1
"Test link",,,,1
"Test link",,,,1
"Test link",,,,1
"Test link",,,,1
"Test link",,,,1
"Test link",,,,1
"Test link",,,,1
"Test link",,,,1
"Test link",,,,1
"Test link",,,,1
"Test link",,,,1
"Test link",,,,1
"Test link",,,,1
"Test link",,,,1
"Test link",,,,1
"Test link",,,,1
"Test link",,,,1
"Test link",,,,1
"Test link",,,,1
"Test link",,,,1
"Test link",,,,1
"Test link",,,,1
"Test link",,,,1
"Test link",,,,1
"Test link",,,,1
"Test link",,,,1
"Test link",,,,1
"Test link",,,,1
"Test link",,,,1
"Test link",,,,1
"Test link",,,,1
"Test link",,,,1
"Test link",,,,1
"Test link",,,,1
"Test link",,,,1
"Test link",,,,1
"Test link",,,,1
"Test link",,,,1
"Test link",,,,1
"Test link",,,,1
"Test link",,,,1
"Test link",,,,1
"Test link",,,,1
"Test link",,,,1
"Test link",,,,1
"Test link",,,,1
"Test link",,,,1
"Test link",,,,1
"Test link",,,,1
"Test link",,,,1
"Test link",,,,1
"Test link",,,,1
"Test link",,,,1
"Test link",,,,1
"Test link",,,,1
"Test link",,,,1
"Test link",,,,1
"Test link",,,,1
"Test link",,,,1
"Test link",,,,1
"Test link",,,,1
"Test link",,,,1
"Test link",,,,1
"Test link",,,,1
"Test link",,,,1
"Test link",,,,1
"Test link",,,,1
"Test link",,,,1
"Test link",,,,1
"Test link",,,,1
"Test link",,,,1
"Test link",,,,1
"Test link",,,,1
"Test link",,,,1
"Test link",,,,1
"Test link",,,,1
"Test link",,,,1
"Test link",,,,1
"Test link",,,,1
"Test link",,,,1
"Test link",,,,1
"Test link",,,,1
"Test link",,,,1
"Test link",,,,1
"Test link",,,,1
"Test link",,,,1
"Test link",,,,1
"Test link",,,,1
"Test link",,,,1
"Test link",,,,1
"Test link",,,,1
"Test link",,,,1
"Test link",,,,1
"Test link",,,,1
"Test link",,,,1
"Test link",,,,1
"Test link",,,,1
"Test link",,,,1
"Test link",,,,1
"Test link",,,,1
"Test link",,,,1
"Test link",,,,1
"Test link",,,,1
"Test link",,,,1
"Test link",,,,1
"Test link",,,,1
"Test link",,,,1
"Test link",,,,1
"Test link",,,,1
"Test link",,,,1
"Test link",,,,1
"Test link",,,,1
"Test link",,,,1
"Test link",,,,1
"Test link",,,,1
"Test link",,,,1
"Test link",,,,1
"Test link",,,,1
"Test link",,,,1
"Test link",,,,1
"Test link",,,,1
"Test link",,,,1
"Test link",,,,1
"Test link",,,,1
"Test link",,,,1
"Test link",,,,1
"Test link",,,,1
"Test link",,,,1
"Test link",,,,1
"Test link",,,,1
"Test link",,,,1
"Test link",,,,1
"Test link",,,,1
"Test link",,,,1
"Test link",,,,1
"Test link",,,,1
"Test link",,,,1
"Test link",,,,1
"Test link",,,,1
"Test link",,,,1
"Test link",,,,1
"Test link",,,,1
"Test link",,,,1
"Test link",,,,1
"Test link",,,,1
"Test link",,,,1
"Test link",,,,1
"Test link",,,,1
"Test link",,,,1
"Test link",,,,1
"Test link",,,,1
"Test link",,,,1
"Test link",,,,1
"Test link",,,,1
"Test link",,,,1
"Test link",,,,1
"Test link",,,,1
"Test link",,,,1
"Test link",,,,1
"Test link",,,,1
"Test link",,,,1
"Test link",,,,1
"Test link",,,,1
"Test link",,,,1
"Test link",,,,1
"Test link",,,,1
"Test link",,,,1
"Test link",,,,1
"Test link",,,,1
"Test link",,,,1
"Test link",,,,1
"Test link",,,,1
"Test link",,,,1
"Test link",,,,1
"Test link",,,,1
"Test link",,,,1
"Test link",,,,1
"Test link",,,,1
"Test link",,,,1
"Test link",,,,1
"Test link",,,,1
"Test link",,,,1
"Test link",,,,1
"Test link",,,,1
"Test link",,,,1
"Test link",,,,1
"Test link",,,,1
"Test link",,,,1
"Test link",,,,1
"Test link",,,,1
"Test link",,,,1
"Test link",,,,1
"Test link",,,,1
"Test link",,,,1
"Test link",,,,1
"Test link",,,,1
"Test link",,,,1
"Test link",,,,1
"Test link",,,,1
"Test link",,,,1
"Test link",,,,1
"Test link",,,,1
"Test link",,,,1
"Test link",,,,1
"Test link",,,,1
"Test link",,,,1
"Test link",,,,1
"Test link",,,,1
"Test link",,,,1
"Test link",,,,1
"Test link",,,,1
"Test link",,,,1
"Test link",,,,1
"Test link",,,,1
"Test link",,,,1
"Test link",,,,1
"Test link",,,,1
"Test link",,,,1
"Test link",,,,1
"Test link",,,,1
"Test link",,,,1
"Test link",,,,1
"Test link",,,,1
"Test link",,,,1
"Test link",,,,1
"Test link",,,,1
"Test link",,,,1
"Test link",,,,1
"Test link",,,,1
"Test link",,,,1
"Test link",,,,1
"Test link",,,,1
"Test link",,,,1
"Test link",,,,1
"Test link",,,,1
"Test link",,,,1
"Test link",,,,1
"Test link",,,,1
"Test link",,,,1
"Test link",,,,1
"Test link",,,,1
"Test link",,,,1
"Test link",,,,1
"Test link",,,,1
"Test link",,,,1
"Test link",,,,1
"Test link",,,,1
"Test link",,,,1
"Test link",,,,1
"Test link",,,,1
"Test link",,,,1
"Test link",,,,1
"Test link",,,,1
"Test link",,,,1
"Test link",,,,1
"Test link",,,,1
"Test link",,,,1
"Test link",,,,1
"Test link",,,,1
"Test link",,,,1
"Test link",,,,1
"Test link",,,,1
"Test link",,,,1
"Test link",,,,1
"Test link",,,,1
"Test link",,,,1
"Test link",,,,1
"Test link",,,,1
"Test link",,,,1
"Test link",,,,1
"Test link",,,,1
"Test link",,,,1
"Test link",,,,1
"Test link",,,,1
"Test link",,,,1
"Test link",,,,1
"Test link",,,,1
"Test link",,,,1
"Test link",,,,1
"Test link",,,,1
"Test link",,,,1
"Test link",,,,1
"Test link",,,,1
"Test link",,,,1
"Test link",,,,1
"Test link",,,,1
"Test link",,,,1
"Test link",,,,1
"Test link",,,,1
"Test link",,,,1
"Test link",,,,1
"Test link",,,,1
"Test link",,,,1
"Test link",,,,1
"Test link",,,,1
"Test link",,,,1
"Test link",,,,1
"Test link",,,,1
"Test link",,,,1
"Test link",,,,1
"Test link",,,,1
"Test link",,,,1
"Test link",,,,1
"Test link",,,,1
"Test link",,,,1
"Test link",,,,1
"Test link",,,,1
"Test link",,,,1
"Test link",,,,1
"Test link",,,,1
"Test link",,,,1
"Test link",,,,1
"Test link",,,,1
"Test link",,,,1
"Test link",,,,1
"Test link",,,,1
"Test link",,,,1
"Test link",,,,1
"Test link",,,,1
"Test link",,,,1
"Test link",,,,1
"Test link",,,,1
"Test link",,,,1
"Test link",,,,1
"Test link",,,,1
"Test link",,,,1
"Test link",,,,1
"Test link",,,,1
"Test link",,,,1
"Test link",,,,1
"Test link",,,,1
"Test link",,,,1
"Test link",,,,1
"Test link",,,,1
"Test link",,,,1
"Test link",,,,1
"Test link",,,,1
"Test link",,,,1
"Test link",,,,1
"Test link",,,,1
"Test link",,,,1
"Test link",,,,1
"Test link",,,,1
"Test link",,,,1
"Test link",,,,1
"Test link",,,,1
"Test link",,,,1
"Test link",,,,1
"Test link",,,,1
"Test link",,,,1
"Test link",,,,1
"Test link",,,,1
"Test link",,,,1
"Test link",,,,1
"Test link",,,,1
"Test link",,,,1
"Test link",,,,1
"Test link",,,,1
"Test link",,,,1
"Test link",,,,1
"Test link",,,,1
"Test link",,,,1
"Test link",,,,1
"Test link",,,,1
"Test link",,,,1
"Test link",,,,1
"Test link",,,,1
"Test link",,,,1
"Test link",,,,1
"Test link",,,,1
"Test link",,,,1
"Test link",,,,1
"Test link",,,,1
"Test link",,,,1
"Test link",,,,1
"Test link",,,,1
"Test link",,,,1
"Test link",,,,1
"Test link",,,,1
"Test link",,,,1
"Test link",,,,1
"Test link",,,,1
"Test link",,,,1
"Test link",,,,1
"Test link",,,,1
"Test link",,,,1
"Test link",,,,1
"Test link",,,,1
"Test link",,,,1
"Test link",,,,1
"Test link",,,,1
"Test link",,,,1
"Test link",,,,1
"Test link",,,,1
"Test link",,,,1
"Test link",,,,1
"Test link",,,,1
"Test link",,,,1
"Test link",,,,1
"Test link",,,,1
"Test link",,,,1
"Test link",,,,1
"Test link",,,,1
"Test link",,,,1
"Test link",,,,1
"Test link",,,,1
"Test link",,,,1
"Test link",,,,1
"Test link",,,,1
"Test link",,,,1
"Test link",,,,1
"Test link",,,,1
"Test link",,,,1
"Test link",,,,1
"Test link",,,,1
"Test link",,,,1
"Test link",,,,1
"Test link",,,,1
"Test link",,,,1
"Test link",,,,1
"Test link",,,,1
"Test link",,,,1
"Test link",,,,1
"Test link",,,,1
"Test link",,,,1
"Test link",,,,1
"Test link",,,,1
"Test link",,,,1
"Test link",,,,1
"Test link",,,,1
"Test link",,,,1
"Test link",,,,1
"Test link",,,,1
"Test link",,,,1
"Test link",,,,1
"Test link",,,,1
"Test link",,,,1
"Test link",,,,1
"Test link",,,,1
"Test link",,,,1
"Test link",,,,1
"Test link",,,,1
"Test link",,,,1
"Test link",,,,1
"Test link",,,,1
"Test link",,,,1
"Test link",,,,1
"Test link",,,,1
"Test link",,,,1
"Test link",,,,1
"Test link",,,,1
"Test link",,,,1
"Test link",,,,1
"Test link",,,,1
"Test link",,,,1
"Test link",,,,1
"Test link",,,,1
"Test link",,,,1
"Test link",,,,1
"Test link",,,,1
"Test link",,,,1
"Test link",,,,1
"Test link",,,,1
"Test link",,,,1
"Test link",,,,1
"Test link",,,,1
"Test link",,,,1
"Test link",,,,1
"Test link",,,,1
"Test link",,,,1
"Test link",,,,1
"Test link",,,,1
"Test link",,,,1
"Test link",,,,1
"Test link",,,,1
"Test link",,,,1
"Test link",,,,1
"Test link",,,,1
"Test link",,,,1
"Test link",,,,1
"Test link",,,,1
"Test link",,,,1
"Test link",,,,1
"Test link",,,,1
"Test link",,,,1
"Test link",,,,1
"Test link",,,,1
"Test link",,,,1
"Test link",,,,1
"Test link",,,,1
"Test link",,,,1
"Test link",,,,1
"Test link",,,,1
"Test link",,,,1
"Test link",,,,1
"Test link",,,,1
"Test link",,,,1
"Test link",,,,1
"Test link",,,,1
"Test link",,,,1
"Test link",,,,1
"Test link",,,,1
"Test link",,,,1
"Test link",,,,1
"Test link",,,,1
"Test link",,,,1
"Test link",,,,1
"Test link",,,,1
"Test link",,,,1
"Test link",,,,1
"Test link",,,,1
"Test link",,,,1
"Test link",,,,1
"Test link",,,,1
"Test link",,,,1
"Test link",,,,1
"Test link",,,,1
"Test link",,,,1
"Test link",,,,1
"Test link",,,,1
"Test link",,,,1
"Test link",,,,1
"Test link",,,,1
"Test link",,,,1
"Test link",,,,1
"Test link",,,,1
"Test link",,,,1
"Test link",,,,1
"Test link",,,,1
"Test link",,,,1
"Test link",,,,1
"Test link",,,,1
"Test link",,,,1
"Test link",,,,1
"Test link",,,,1
"Test link",,,,1
"Test link",,,,1
"Test link",,,,1
"Test link",,,,1
"Test link",,,,1
"Test link",,,,1
"Test link",,,,1
"Test link",,,,1
"Test link",,,,1
"Test link",,,,1
"Test link",,,,1
"Test link",,,,1
"Test link",,,,1
"Test link",,,,1
"Test link",,,,1
"Test link",,,,1
"Test link",,,,1
"Test link",,,,1
"Test link",,,,1
"Test link",,,,1
"Test link",,,,1
"Test link",,,,1
"Test link",,,,1
"Test link",,,,1
"Test link",,,,1
"Test link",,,,1
"Test link",,,,1
"Test link",,,,1
"Test link",,,,1
"Test link",,,,1
"Test link",,,,1
"Test link",,,,1
"Test link",,,,1
"Test link",,,,1
"Test link",,,,1
"Test link",,,,1
"Test link",,,,1
"Test link",,,,1
"Test link",,,,1
"Test link",,,,1
"Test link",,,,1
"Test link",,,,1
"Test link",,,,1
"Test link",,,,1
"Test link",,,,1
"Test link",,,,1
"Test link",,,,1
"Test link",,,,1
"Test link",,,,1
"Test link",,,,1
"Test link",,,,1
"Test link",,,,1
"Test link",,,,1
"Test link",,,,1
"Test link",,,,1
"Test link",,,,1
"Test link",,,,1
"Test link",,,,1
"Test link",,,,1
"Test link",,,,1
"Test link",,,,1
"Test link",,,,1
"Test link",,,,1
"Test link",,,,1
"Test link",,,,1
"Test link",,,,1
"Test link",,,,1
"Test link",,,,1
"Test link",,,,1
"Test link",,,,1
"Test link",,,,1
"Test link",,,,1
"Test link",,,,1
"Test link",,,,1
"Test link",,,,1
"Test link",,,,1
"Test link",,,,1
"Test link",,,,1
"Test link",,,,1
"Test link",,,,1
"Test link",,,,1
"Test link",,,,1
"Test link",,,,1
"Test link",,,,1
"Test link",,,,1
"Test link",,,,1
"Test link",,,,1
"Test link",,,,1
"Test link",,,,1
"Test link",,,,1
"Test link",,,,1
"Test link",,,,1
"Test link",,,,1
"Test link",,,,1
"Test link",,,,1
"Test link",,,,1
"Test link",,,,1
"Test link",,,,1
"Test link",,,,1
"Test link",,,,1
"Test link",,,,1
"Test link",,,,1
"Test link",,,,1
"Test link",,,,1
"Test link",,,,1
"Test link",,,,1
"Test link",,,,1
"Test link",,,,1
"Test link",,,,1
"Test link",,,,1
"Test link",,,,1
"Test link",,,,1
"Test link",,,,1
"Test link",,,,1
"Test link",,,,1
"Test link",,,,1
"Test link",,,,1
"Test link",,,,1
"Test link",,,,1
"Test link",,,,1
"Test link",,,,1
"Test link",,,,1
"Test link",,,,1
"Test link",,,,1
"Test link",,,,1
"Test link",,,,1
"Test link",,,,1
"Test link",,,,1
"Test link",,,,1
"Test link",,,,1
"Test link",,,,1
"Test link",,,,1
"Test link",,,,1
"Test link",,,,1
"Test link",,,,1
"Test link",,,,1
"Test link",,,,1
"Test link",,,,1
"Test link",,,,1
"Test link",,,,1
"Test link",,,,1
"Test link",,,,1
"Test link",,,,1
"Test link",,,,1
"Test link",,,,1
"Test link",,,,1
"Test link",,,,1
"Test link",,,,1
"Test link",,,,1
"Test link",,,,1
"Test link",,,,1
"Test link",,,,1
"Test link",,,,1
"Test link",,,,1
"Test link",,,,1
"Test link",,,,1
"Test link",,,,1
"Test link",,,,1
"Test link",,,,1
"Test link",,,,1
"Test link",,,,1
"Test link",,,,1
"Test link",,,,1
"Test link",,,,1
"Test link",,,,1
"Test link",,,,1
"Test link",,,,1
"Test link",,,,1
"Test link",,,,1
"Test link",,,,1
"Test link",,,,1
"Test link",,,,1
"Test link",,,,1
"Test link",,,,1
"Test link",,,,1
"Test link",,,,1
"Test link",,,,1
"Test link",,,,1
"Test link",,,,1
"Test link",,,,1
"Test link",,,,1
"Test link",,,,1
"Test link",,,,1
"Test link",,,,1
"Test link",,,,1
"Test link",,,,1
"Test link",,,,1
"Test link",,,,1
"Test link",,,,1
"Test link",,,,1
"Test link",,,,1
"Test link",,,,1
"Test link",,,,1
"Test link",,,,1
"Test link",,,,1
"Test link",,,,1
"Test link",,,,1
"Test link",,,,1
"Test link",,,,1
"Test link",,,,1
"Test link",,,,1
"Test link",,,,1
"Test link",,,,1
"Test link",,,,1
"Test link",,,,1
"Test link",,,,1
"Test link",,,,1
"Test link",,,,1
"Test link",,,,1
"Test link",,,,1
"Test link",,,,1
"Test link",,,,1
"Test link",,,,1
"Test link",,,,1
"Test link",,,,1
"Test link",,,,1
"Test link",,,,1
"Test link",,,,1
"Test link",,,,1
"Test link",,,,1
"Test link",,,,1
"Test link",,,,1
"Test link",,,,1
"Test link",,,,1
"Test link",,,,1
"Test link",,,,1
"Test link",,,,1
"Test link",,,,1
"Test link",,,,1
"Test link",,,,1
"Test link",,,,1
"Test link",,,,1
"Test link",,,,1
"Test link",,,,1
"Test link",,,,1
"Test link",,,,1
"Test link",,,,1
"Test link",,,,1
"Test link",,,,1
"Test link",,,,1
"Test link",,,,1
"Test link",,,,1
"Test link",,,,1
"Test link",,,,1
"Test link",,,,1
"Test link",,,,1
"Test link",,,,1
"Test link",,,,1
"Test link",,,,1
"Test link",,,,1
"Test link",,,,1
"Test link",,,,1
"Test link",,,,1
"Test link",,,,1
"Test link",,,,1
"Test link",,,,1
"Test link",,,,1
"Test link",,,,1
"Test link",,,,1
"Test link",,,,1
"Test link",,,,1
"Test link",,,,1
"Test link",,,,1
"Test link",,,,1
"Test link",,,,1
"Test link",,,,1
"Test link",,,,1
"Test link",,,,1
"Test link",,,,1
"Test link",,,,1
"Test link",,,,1
"Test link",,,,1
"Test link",,,,1
"Test link",,,,1
"Test link",,,,1
"Test link",,,,1
"Test link",,,,1
"Test link",,,,1
"Test link",,,,1
"Test link",,,,1
"Test link",,,,1
"Test link",,,,1
"Test link",,,,1
"Test link",,,,1
"Test link",,,,1
"Test link",,,,1
"Test link",,,,1
"Test link",,,,1
"Test link",,,,1
"Test link",,,,1
"Test link",,,,1
"Test link",,,,1
"Test link",,,,1
"Test link",,,,1
"Test link",,,,1
"Test link",,,,1
"Test link",,,,1
"Test link",,,,1
"Test link",,,,1
"Test link",,,,1
"Test link",,,,1
"Test link",,,,1
"Test link",,,,1
"Test link",,,,1
"Test link",,,,1
"Test link",,,,1
"Test link",,,,1
"Test link",,,,1
"Test link",,,,1
"Test link",,,,1
"Test link",,,,1
"Test link",,,,1
"Test link",,,,1
"Test link",,,,1
"Test link",,,,1
"Test link",,,,1
"Test link",,,,1
"Test link",,,,1
"Test link",,,,1
"Test link",,,,1
"Test link",,,,1
"Test link",,,,1
"Test link",,,,1
"Test link",,,,1
"Test link",,,,1
"Test link",,,,1
"Test link",,,,1
"Test link",,,,1
"Test link",,,,1
"Test link",,,,1
"Test link",,,,1
"Test link",,,,1
"Test link",,,,1
"Test link",,,,1
"Test link",,,,1
"Test link",,,,1
"Test link",,,,1
"Test link",,,,1
"Test link",,,,1
"Test link",,,,1
"Test link",,,,1
"Test link",,,,1
"Test link",,,,1
"Test link",,,,1
"Test link",,,,1
"Test link",,,,1
"Test link",,,,1
"Test link",,,,1
"Test link",,,,1
"Test link",,,,1
"Test link",,,,1
"Test link",,,,1
"Test link",,,,1
"Test link",,,,1
"Test link",,,,1
"Test link",,,,1
"Test link",,,,1
"Test link",,,,1
"Test link",,,,1
"Test link",,,,1
"Test link",,,,1
"Test link",,,,1
"Test link",,,,1
"Test link",,,,1
"Test link",,,,1
"Test link",,,,1
"Test link",,,,1
"Test link",,,,1
"Test link",,,,1
"Test link",,,,1
"Test link",,,,1
"Test link",,,,1
"Test link",,,,1
"Test link",,,,1
"Test link",,,,1
"Test link",,,,1
"Test link",,,,1
"Test link",,,,1
"Test link",,,,1
"Test link",,,,1
"Test link",,,,1
"Test link",,,,1
"Test link",,,,1
"Test link",,,,1
"Test link",,,,1
"Test link",,,,1
"Test link",,,,1
"Test link",,,,1
"Test link",,,,1
"Test link",,,,1
"Test link",,,,1
"Test link",,,,1
"Test link",,,,1
"Test link",,,,1
"Test link",,,,1
"Test link",,,,1
"Test link",,,,1
"Test link",,,,1
"Test link",,,,1
"Test link",,,,1
"Test link",,,,1
"Test link",,,,1
"Test link",,,,1
"Test link",,,,1
"Test link",,,,1
"Test link",,,,1
"Test link",,,,1
"Test link",,,,1
"Test link",,,,1
"Test link",,,,1
"Test link",,,,1
"Test link",,,,1
"Test link",,,,1
"Test link",,,,1
"Test link",,,,1
"Test link",,,,1
"Test link",,,,1
"Test link",,,,1
"Test link",,,,1
"Test link",,,,1
"Test link",,,,1
"Test link",,,,1
"Test link",,,,1
"Test link",,,,1
"Test link",,,,1
"Test link",,,,1
"Test link",,,,1
"Test link",,,,1
"Test link",,,,1
"Test link",,,,1
"Test link",,,,1
"Test link",,,,1
"Test link",,,,1
"Test link",,,,1
"Test link",,,,1
"Test link",,,,1
"Test link",,,,1
"Test link",,,,1
"Test link",,,,1
"Test link",,,,1
"Test link",,,,1
"Test link",,,,1
"Test link",,,,1
"Test link",,,,1
"Test link",,,,1
"Test link",,,,1
"Test link",,,,1
"Test link",,,,1
"Test link",,,,1
"Test link",,,,1
"Test link",,,,1
"Test link",,,,1
"Test link",,,,1
"Test link",,,,1
"Test link",,,,1
"Test link",,,,1
"Test link",,,,1
"Test link",,,,1
"Test link",,,,1
"Test link",,,,1
"Test link",,,,1
"Test link",,,,1
"Test link",,,,1
"Test link",,,,1
"Test link",,,,1
"Test link",,,,1
"Test link",,,,1
"Test link",,,,1
"Test link",,,,1
"Test link",,,,1
"Test link",,,,1
"Test link",,,,1
"Test link",,,,1
"Test link",,,,1
"Test link",,,,1
"Test link",,,,1
"Test link",,,,1
"Test link",,,,1
"Test link",,,,1
"Test link",,,,1
"Test link",,,,1
"Test link",,,,1
"Test link",,,,1
"Test link",,,,1
"Test link",,,,1
"Test link",,,,1
"Test link",,,,1
"Test link",,,,1
"Test link",,,,1
"Test link",,,,1
"Test link",,,,1
"Test link",,,,1
"Test link",,,,1
"Test link",,,,1
"Test link",,,,1
"Test link",,,,1
"Test link",,,,1
"Test link",,,,1
"Test link",,,,1
"Test link",,,,1
"Test link",,,,1
"Test link",,,,1
"Test link",,,,1
"Test link",,,,1
"Test link",,,,1
"Test link",,,,1
"Test link",,,,1
"Test link",,,,1
"Test link",,,,1
"Test link",,,,1
"Test link",,,,1
"Test link",,,,1
"Test link",,,,1
"Test link",,,,1
"Test link",,,,1
"Test link",,,,1
"Test link",,,,1
"Test link",,,,1
"Test link",,,,1
"Test link",,,,1
"Test link",,,,1
"Test link",,,,1
"Test link",,,,1
"Test link",,,,1
"Test link",,,,1
"Test link",,,,1
"Test link",,,,1
"Test link",,,,1
"Test link",,,,1
"Test link",,,,1
"Test link",,,,1
"Test link",,,,1
"Test link",,,,1
"Test link",,,,1
"Test link",,,,1
"Test link",,,,1
"Test link",,,,1
"Test link",,,,1
"Test link",,,,1
"Test link",,,,1
"Test link",,,,1
"Test link",,,,1
"Test link",,,,1
"Test link",,,,1
"Test link",,,,1
"Test link",,,,1
"Test link",,,,1
"Test link",,,,1
"Test link",,,,1
"Test link",,,,1
"Test link",,,,1
"Test link",,,,1
"Test link",,,,1
"Test link",,,,1
"Test link",,,,1
"Test link",,,,1
"Test link",,,,1
"Test link",,,,1
"Test link",,,,1
"Test link",,,,1
"Test link",,,,1
"Test link",,,,1
"Test link",,,,1
"Test link",,,,1
"Test link",,,,1
"Test link",,,,1
"Test link",,,,1
"Test link",,,,1
"Test link",,,,1
"Test link",,,,1
"Test link",,,,1
"Test link",,,,1
"Test link",,,,1
"Test link",,,,1
"Test link",,,,1
"Test link",,,,1
"Test link",,,,1
"Test link",,,,1
"Test link",,,,1
"Test link",,,,1
"Test link",,,,1
"Test link",,,,1
"Test link",,,,1
"Test link",,,,1
"Test link",,,,1
"Test link",,,,1
"Test link",,,,1
"Test link",,,,1
"Test link",,,,1
"Test link",,,,1
"Test link",,,,1
"Test link",,,,1
"Test link",,,,1
"Test link",,,,1
"Test link",,,,1
"Test link",,,,1
"Test link",,,,1
"Test link",,,,1
"Test link",,,,1
"Test link",,,,1
"Test link",,,,1
"Test link",,,,1
"Test link",,,,1
"Test link",,,,1
"Test link",,,,1
"Test link",,,,1
"Test link",,,,1
"Test link",,,,1
"Test link",,,,1
"Test link",,,,1
"Test link",,,,1
"Test link",,,,1
"Test link",,,,1
"Test link",,,,1
"Test link",,,,1
"Test link",,,,1
"Test link",,,,1
"Test link",,,,1
"Test link",,,,1
"Test link",,,,1
"Test link",,,,1
"Test link",,,,1
"Test link",,,,1
"Test link",,,,1
"Test link",,,,1
"Test link",,,,1
"Test link",,,,1
"Test link",,,,1
"Test link",,,,1
"Test link",,,,1
"Test link",,,,1
"Test link",,,,1
"Test link",,,,1
"Test link",,,,1
"Test link",,,,1
"Test link",,,,1
"Test link",,,,1
"Test link",,,,1
"Test link",,,,1
"Test link",,,,1
"Test link",,,,1
"Test link",,,,1
"Test link",,,,1
"Test link",,,,1
"Test link",,,,1
"Test link",,,,1
"Test link",,,,1
"Test link",,,,1
"Test link",,,,1
"Test link",,,,1
"Test link",,,,1
"Test link",,,,1
"Test link",,,,1
"Test link",,,,1
"Test link",,,,1
"Test link",,,,1
"Test link",,,,1
"Test link",,,,1
"Test link",,,,1
"Test link",,,,1
"Test link",,,,1
"Test link",,,,1
"Test link",,,,1
"Test link",,,,1
"Test link",,,,1
"Test link",,,,1
"Test link",,,,1
"Test link",,,,1
"Test link",,,,1
"Test link",,,,1
"Test link",,,,1
"Test link",,,,1
"Test link",,,,1
"Test link",,,,1
"Test link",,,,1
"Test link",,,,1
"Test link",,,,1
"Test link",,,,1
"Test link",,,,1
"Test link",,,,1
"Test link",,,,1
"Test link",,,,1
"Test link",,,,1
"Test link",,,,1
"Test link",,,,1
"Test link",,,,1
"Test link",,,,1
"Test link",,,,1
"Test link",,,,1
"Test link",,,,1
"Test link",,,,1
"Test link",,,,1
"Test link",,,,1
"Test link",,,,1
"Test link",,,,1
"Test link",,,,1
"Test link",,,,1
"Test link",,,,1
"Test link",,,,1
"Test link",,,,1
"Test link",,,,1
"Test link",,,,1
"Test link",,,,1
"Test link",,,,1
"Test link",,,,1
"Test link",,,,1
"Test link",,,,1
"Test link",,,,1
"Test link",,,,1
"Test link",,,,1
"Test link",,,,1
"Test link",,,,1
"Test link",,,,1
"Test link",,,,1
"Test link",,,,1
"Test link",,,,1
"Test link",,,,1
"Test link",,,,1
"Test link",,,,1
"Test link",,,,1
"Test link",,,,1
"Test link",,,,1
"Test link",,,,1
"Test link",,,,1
"Test link",,,,1
"Test link",,,,1
"Test link",,,,1
"Test link",,,,1
"Test link",,,,1
"Test link",,,,1
"Test link",,,,1
"Test link",,,,1
"Test link",,,,1
"Test link",,,,1
"Test link",,,,1
"Test link",,,,1
"Test link",,,,1
"Test link",,,,1
"Test link",,,,1
"Test link",,,,1
"Test link",,,,1
"Test link",,,,1
"Test link",,,,1
"Test link",,,,1
"Test link",,,,1
"Test link",,,,1
"Test link",,,,1
"Test link",,,,1
"Test link",,,,1
"Test link",,,,1
"Test link",,,,1
"Test link",,,,1
"Test link",,,,1
"Test link",,,,1
"Test link",,,,1
"Test link",,,,1
"Test link",,,,1
"Test link",,,,1
"Test link",,,,1
"Test link",,,,1
"Test link",,,,1
"Test link",,,,1
"Test link",,,,1
"Test link",,,,1
"Test link",,,,1
"Test link",,,,1
"Test link",,,,1
"Test link",,,,1
"Test link",,,,1
"Test link",,,,1
"Test link",,,,1
"Test link",,,,1
"Test link",,,,1
"Test link",,,,1
"Test link",,,,1
"Test link",,,,1
"Test link",,,,1
"Test link",,,,1
"Test link",,,,1
"Test link",,,,1
"Test link",,,,1
"Test link",,,,1
"Test link",,,,1
"Test link",,,,1
"Test link",,,,1
"Test link",,,,1
"Test link",,,,1
"Test link",,,,1
"Test link",,,,1
"Test link",,,,1
"Test link",,,,1
"Test link",,,,1
"Test link",,,,1
"Test link",,,,1
"Test link",,,,1
"Test link",,,,1
"Test link",,,,1
"Test link",,,,1
"Test link",,,,1
"Test link",,,,1
"Test link",,,,1
"Test link",,,,1
"Test link",,,,1
"Test link",,,,1
"Test link",,,,1
"Test link",,,,1
"Test link",,,,1
"Test link",,,,1
"Test link",,,,1
"Test link",,,,1
"Test link",,,,1
"Test link",,,,1
"Test link",,,,1
"Test link",,,,1
"Test link",,,,1
"Test link",,,,1
"Test link",,,,1
"Test link",,,,1
"Test link",,,,1
"Test link",,,,1
"Test link",,,,1
"Test link",,,,1
"Test link",,,,1
"Test link",,,,1
"Test link",,,,1
"Test link",,,,1
"Test link",,,,1
"Test link",,,,1
"Test link",,,,1
"Test link",,,,1
"Test link",,,,1
"Test link",,,,1
"Test link",,,,1
"Test link",,,,1
"Test link",,,,1
"Test link",,,,1
"Test link",,,,1
"Test link",,,,1
"Test link",,,,1
"Test link",,,,1
"Test link",,,,1
"Test link",,,,1
"Test link",,,,1
"Test link",,,,1
"Test link",,,,1
"Test link",,,,1
"Test link",,,,1
"Test link",,,,1
"Test link",,,,1
"Test link",,,,1
"Test link",,,,1
"Test link",,,,1
"Test link",,,,1
"Test link",,,,1
"Test link",,,,1
"Test link",,,,1
"Test link",,,,1
"Test link",,,,1
"Test link",,,,1
"Test link",,,,1
"Test link",,,,1
"Test link",,,,1
"Test link",,,,1
"Test link",,,,1
"Test link",,,,1
"Test link",,,,1
"Test link",,,,1
"Test link",,,,1
"Test link",,,,1
"Test link",,,,1
"Test link",,,,1
"Test link",,,,1
"Test link",,,,1
"Test link",,,,1
"Test link",,,,1
"Test link",,,,1
"Test link",,,,1
"Test link",,,,1
"Test link",,,,1
"Test link",,,,1
"Test link",,,,1
"Test link",,,,1
"Test link",,,,1
"Test link",,,,1
"Test link",,,,1
"Test link",,,,1
"Test link",,,,1
"Test link",,,,1
"Test link",,,,1
"Test link",,,,1
"Test link",,,,1
"Test link",,,,1
"Test link",,,,1
"Test link",,,,1
"Test link",,,,1
"Test link",,,,1
"Test link",,,,1
"Test link",,,,1
"Test link",,,,1
"Test link",,,,1
"Test link",,,,1
"Test link",,,,1
"Test link",,,,1
"Test link",,,,1
"Test link",,,,1
"Test link",,,,1
"Test link",,,,1
"Test link",,,,1
"Test link",,,,1
"Test link",,,,1
"Test link",,,,1
"Test link",,,,1
"Test link",,,,1
"Test link",,,,1
"Test link",,,,1
"Test link",,,,1
"Test link",,,,1
"Test link",,,,1
"Test link",,,,1
"Test link",,,,1
"Test link",,,,1
"Test link",,,,1
"Test link",,,,1
"Test link",,,,1
"Test link",,,,1
"Test link",,,,1
"Test link",,,,1
"Test link",,,,1
"Test link",,,,1
"Test link",,,,1
"Test link",,,,1
"Test link",,,,1
"Test link",,,,1
"Test link",,,,1
"Test link",,,,1
"Test link",,,,1
"Test link",,,,1
"Test link",,,,1
"Test link",,,,1
"Test link",,,,1
"Test link",,,,1
"Test link",,,,1
"Test link",,,,1
"Test link",,,,1
"Test link",,,,1
"Test link",,,,1
"Test link",,,,1
"Test link",,,,1
"Test link",,,,1
"Test link",,,,1
"Test link",,,,1
"Test link",,,,1
"Test link",,,,1
"Test link",,,,1
"Test link",,,,1
"Test link",,,,1
"Test link",,,,1
"Test link",,,,1
"Test link",,,,1
"Test link",,,,1
"Test link",,,,1
"Test link",,,,1
"Test link",,,,1
"Test link",,,,1
"Test link",,,,1
"Test link",,,,1
"Test link",,,,1
"Test link",,,,1
"Test link",,,,1
"Test link",,,,1
"Test link",,,,1
"Test link",,,,1
"Test link",,,,1
"Test link",,,,1
"Test link",,,,1
"Test link",,,,1
"Test link",,,,1
"Test link",,,,1
"Test link",,,,1
"Test link",,,,1
"Test link",,,,1
"Test link",,,,1
"Test link",,,,1
"Test link",,,,1
"Test link",,,,1
"Test link",,,,1
"Test link",,,,1
"Test link",,,,1
"Test link",,,,1
"Test link",,,,1
"Test link",,,,1
"Test link",,,,1
"Test link",,,,1
"Test link",,,,1
"Test link",,,,1
"Test link",,,,1
"Test link",,,,1
"Test link",,,,1
"Test link",,,,1
"Test link",,,,1
"Test link",,,,1
"Test link",,,,1
"Test link",,,,1
"Test link",,,,1
"Test link",,,,1
"Test link",,,,1
"Test link",,,,1
"Test link",,,,1
"Test link",,,,1
"Test link",,,,1
"Test link",,,,1
"Test link",,,,1
"Test link",,,,1
"Test link",,,,1
"Test link",,,,1
"Test link",,,,1
"Test link",,,,1
"Test link",,,,1
"Test link",,,,1
"Test link",,,,1
"Test link",,,,1
"Test link",,,,1
"Test link",,,,1
"Test link",,,,1
"Test link",,,,1
"Test link",,,,1
"Test link",,,,1
"Test link",,,,1
"Test link",,,,1
"Test link",,,,1
"Test link",,,,1
"Test link",,,,1
"Test link",,,,1
"Test link",,,,1
"Test link",,,,1
"Test link",,,,1
"Test link",,,,1
"Test link",,,,1
"Test link",,,,1
"Test link",,,,1
"Test link",,,,1
"Test link",,,,1
"Test link",,,,1
"Test link",,,,1
"Test link",,,,1
"Test link",,,,1
"Test link",,,,1
"Test link",,,,1
"Test link",,,,1
"Test link",,,,1
"Test link",,,,1
"Test link",,,,1
"Test link",,,,1
"Test link",,,,1
"Test link",,,,1
"Test link",,,,1
"Test link",,,,1
"Test link",,,,1
"Test link",,,,1
"Test link",,,,1
"Test link",,,,1
"Test link",,,,1
"Test link",,,,1
"Test link",,,,1
"Test link",,,,1
"Test link",,,,1
"Test link",,,,1
"Test link",,,,1
"Test link",,,,1
"Test link",,,,1
"Test link",,,,1
"Test link",,,,1
"Test link",,,,1
"Test link",,,,1
"Test link",,,,1
"Test link",,,,1
"Test link",,,,1
"Test link",,,,1
"Test link",,,,1
"Test link",,,,1
"Test link",,,,1
"Test link",,,,1
"Test link",,,,1
"Test link",,,,1
"Test link",,,,1
"Test link",,,,1
"Test link",,,,1
"Test link",,,,1
"Test link",,,,1
"Test link",,,,1
"Test link",,,,1
"Test link",,,,1
"Test link",,,,1
"Test link",,,,1
"Test link",,,,1
"Test link",,,,1
"Test link",,,,1
"Test link",,,,1
"Test link",,,,1
"Test link",,,,1
"Test link",,,,1
"Test link",,,,1
"Test link",,,,1
"Test link",,,,1
"Test link",,,,1
"Test link",,,,1
"Test link",,,,1
"Test link",,,,1
"Test link",,,,1
"Test link",,,,1
"Test link",,,,1
"Test link",,,,1
"Test link",,,,1
"Test link",,,,1
"Test link",,,,1
"Test link",,,,1
"Test link",,,,1
"Test link",,,,1
"Test link",,,,1
"Test link",,,,1
"Test link",,,,1
"Test link",,,,1
"Test link",,,,1
"Test link",,,,1
"Test link",,,,1
"Test link",,,,1
"Test link",,,,1
"Test link",,,,1
"Test link",,,,1
"Test link",,,,1
"Test link",,,,1
"Test link",,,,1
"Test link",,,,1
"Test link",,,,1
"Test link",,,,1
"Test link",,,,1
"Test link",,,,1
"Test link",,,,1
"Test link",,,,1
"Test link",,,,1
"Test link",,,,1
"Test link",,,,1
"Test link",,,,1
"Test link",,,,1
"Test link",,,,1
"Test link",,,,1
"Test link",,,,1
"Test link",,,,1
"Test link",,,,1
"Test link",,,,1
"Test link",,,,1
"Test link",,,,1
"Test link",,,,1
"Test link",,,,1
"Test link",,,,1
"Test link",,,,1
"Test link",,,,1
"Test link",,,,1
"Test link",,,,1
"Test link",,,,1
"Test link",,,,1
"Test link",,,,1
"Test link",,,,1
"Test link",,,,1
"Test link",,,,1
"Test link",,,,1
"Test link",,,,1
"Test link",,,,1
"Test link",,,,1
"Test link",,,,1
"Test link",,,,1
"Test link",,,,1
"Test link",,,,1
"Test link",,,,1
"Test link",,,,1
"Test link",,,,1
"Test link",,,,1
"Test link",,,,1
"Test link",,,,1
"Test link",,,,1
"Test link",,,,1
"Test link",,,,1
"Test link",,,,1
"Test link",,,,1
"Test link",,,,1
"Test link",,,,1
"Test link",,,,1
"Test link",,,,1
"Test link",,,,1
"Test link",,,,1
"Test link",,,,1
"Test link",,,,1
"Test link",,,,1
"Test link",,,,1
"Test link",,,,1
"Test link",,,,1
"Test link",,,,1
"Test link",,,,1
"Test link",,,,1
"Test link",,,,1
"Test link",,,,1
"Test link",,,,1
"Test link",,,,1
"Test link",,,,1
"Test link",,,,1
"Test link",,,,1
"Test link",,,,1
"Test link",,,,1
"Test link",,,,1
"Test link",,,,1
"Test link",,,,1
"Test link",,,,1
"Test link",,,,1
"Test link",,,,1
"Test link",,,,1
"Test link",,,,1
"Test link",,,,1
"Test link",,,,1
"Test link",,,,1
"Test link",,,,1
"Test link",,,,1
"Test link",,,,1
"Test link",,,,1
"Test link",,,,1
"Test link",,,,1
"Test link",,,,1
"Test link",,,,1
"Test link",,,,1
"Test link",,,,1
"Test link",,,,1
"Test link",,,,1
"Test link",,,,1
"Test link",,,,1
"Test link",,,,1
"Test link",,,,1
"Test link",,,,1
"Test link",,,,1
"Test link",,,,1
"Test link",,,,1
"Test link",,,,1
"Test link",,,,1
"Test link",,,,1
"Test link",,,,1
"Test link",,,,1
"Test link",,,,1
"Test link",,,,1
"Test link",,,,1
"Test link",,,,1
"Test link",,,,1
"Test link",,,,1
"Test link",,,,1
"Test link",,,,1
"Test link",,,,1
"Test link",,,,1
"Test link",,,,1
"Test link",,,,1
"Test link",,,,1
"Test link",,,,1
"Test link",,,,1
"Test link",,,,1
"Test link",,,,1
"Test link",,,,1
"Test link",,,,1
"Test link",,,,1
"Test link",,,,1
"Test link",,,,1
"Test link",,,,1
"Test link",,,,1
"Test link",,,,1
"Test link",,,,1
"Test link",,,,1
"Test link",,,,1
"Test link",,,,1
"Test link",,,,1
"Test link",,,,1
"Test link",,,,1
"Test link",,,,1
"Test link",,,,1
"Test link",,,,1
"Test link",,,,1
"Test link",,,,1
"Test link",,,,1
"Test link",,,,1
"Test link",,,,1
"Test link",,,,1
"Test link",,,,1
"Test link",,,,1
"Test link",,,,1
"Test link",,,,1
"Test link",,,,1
"Test link",,,,1
"Test link",,,,1
"Test link",,,,1
"Test link",,,,1
"Test link",,,,1
"Test link",,,,1
"Test link",,,,1
"Test link",,,,1
"Test link",,,,1
"Test link",,,,1
"Test link",,,,1
"Test link",,,,1
"Test link",,,,1
"Test link",,,,1
"Test link",,,,1
"Test link",,,,1
"Test link",,,,1
"Test link",,,,1
"Test link",,,,1
"Test link",,,,1
"Test link",,,,1
"Test link",,,,1
"Test link",,,,1
"Test link",,,,1
"Test link",,,,1
"Test link",,,,1
"Test link",,,,1
"Test link",,,,1
"Test link",,,,1
"Test link",,,,1
"Test link",,,,1
"Test link",,,,1
"Test link",,,,1
"Test link",,,,1
"Test link",,,,1
"Test link",,,,1
"Test link",,,,1
"Test link",,,,1
"Test link",,,,1
"Test link",,,,1
"Test link",,,,1
"Test link",,,,1
"Test link",,,,1
"Test link",,,,1
"Test link",,,,1
"Test link",,,,1
"Test link",,,,1
"Test link",,,,1
"Test link",,,,1
"Test link",,,,1
"Test link",,,,1
"Test link",,,,1
"Test link",,,,1
"Test link",,,,1
"Test link",,,,1
"Test link",,,,1
"Test link",,,,1
"Test link",,,,1
"Test link",,,,1
"Test link",,,,1
"Test link",,,,1
"Test link",,,,1
"Test link",,,,1
"Test link",,,,1
"Test link",,,,1
"Test link",,,,1
"Test link",,,,1
"Test link",,,,1
"Test link",,,,1
"Test link",,,,1
"Test link",,,,1
"Test link",,,,1
"Test link",,,,1
"Test link",,,,1
"Test link",,,,1
"Test link",,,,1
"Test link",,,,1
"Test link",,,,1
"Test link",,,,1
"Test link",,,,1
"Test link",,,,1
"Test link",,,,1
"Test link",,,,1
"Test link",,,,1
"Test link",,,,1
"Test link",,,,1
"Test link",,,,1
"Test link",,,,1
"Test link",,,,1
"Test link",,,,1
"Test link",,,,1
"Test link",,,,1
"Test link",,,,1
"Test link",,,,1
"Test link",,,,1
"Test link",,,,1
"Test link",,,,1
"Test link",,,,1
"Test link",,,,1
"Test link",,,,1
"Test link",,,,1
"Test link",,,,1
"Test link",,,,1
"Test link",,,,1
"Test link",,,,1
"Test link",,,,1
"Test link",,,,1
"Test link",,,,1
"Test link",,,,1
"Test link",,,,1
"Test link",,,,1
"Test link",,,,1
"Test link",,,,1
"Test link",,,,1
"Test link",,,,1
"Test link",,,,1
"Test link",,,,1
"Test link",,,,1
"Test link",,,,1
"Test link",,,,1
"Test link",,,,1
"Test link",,,,1
"Test link",,,,1
"Test link",,,,1
"Test link",,,,1
"Test link",,,,1
"Test link",,,,1
"Test link",,,,1
"Test link",,,,1
"Test link",,,,1
"Test link",,,,1
"Test link",,,,1
"Test link",,,,1
"Test link",,,,1
"Test link",,,,1
